Accuracy,ROC AUC,Confusion Matrix
0.8839285714285714,0.9114555456488471,"[[48, 2, 2, 0], [1, 56, 3, 0], [7, 4, 42, 0], [2, 4, 1, 52]]"
