Accuracy,ROC AUC,Confusion Matrix
0.6383928571428571,0.8314358867145341,"[[30, 14, 2, 6], [4, 48, 8, 0], [19, 15, 16, 3], [4, 5, 1, 49]]"
